id,color,size,owner,appraisedValue
4VDWAV1CXW,green,1,6KE9Y16XAB,564
ARVJ675XVW,green,2,BOAZ75M0TD,500
RBNLLP5UMH,yellow,4,R0MLS9IFKH,752
N12K698P8Z,green,4,7OLCMLFF2H,560
FR6SVDIRMS,black,5,IIWPJPJ4ZV,203
XCF3SPXUOT,white,3,LUBJZ36C9A,561
HUR9OK5KNQ,green,4,2X8HACJ3RG,60
ELBDVQGHGS,black,5,AAJB525HXD,309
MK1CPJD84O,green,3,M76VF3X3VF,131
AHO9TT4POO,black,3,PKCAWRYBCN,315
S8WJLQ08P8,yellow,4,VCUOUHNWJZ,72
JXLDOPJURD,yellow,3,5O9WPHVI8I,318
X7ETNXWV4L,white,4,BZX4I5LO54,60
HD372UXTN7,green,4,WE9TQM4HIN,322
J9M7EES5YO,red,4,1FQS3C5G76,713
7IKE6NNPN0,white,2,3F3GMLJW3H,549
WQG361C2H4,red,3,2G2M27ZON0,296
EFEESR9UOZ,yellow,4,AOPLOYN9IH,94
HGYNPSK9JF,yellow,2,9JBF659D8V,554
BQ7WXS1T1E,white,3,PYHVGXGS6B,412
X529QUWO2Q,green,2,AJH1XTXHQ9,325
N3EFOSJ37R,black,4,GRIB4QT0QY,225
KI4U7H390B,black,3,ZUNH35B8WH,403
JQ9Z30P6LO,red,1,PH1R3SXLG1,760
50O9AELXLB,black,2,JWAUWX3YVL,501
A8E8QW3WS6,red,2,AHHRO7VXJY,55
G5JWEVKPGG,blue,1,G4EP8DKGJ1,144
UNK892H353,blue,5,NCKP0RIY8N,66
NPQDIZYVN0,black,5,AA8ASFFZAZ,697
S64C2WNEWJ,yellow,4,WJ3H5YVDME,89
PZQO6G4RWC,white,4,BRS0GPLEE1,375
B6SPYYHCL7,red,4,0HB5H4RGSO,900
YEBZ3ZCW4M,red,3,OED7TO4K2X,899
VY27Q50ULU,yellow,3,4IB1FA8Y7O,447
I9E8DA7YGO,black,3,3KDMKNAWEG,883
7ROV1FKI0N,blue,3,OMLPQNHRKH,218
DVVNI7WWAT,white,5,KUJIDJ8R9C,83
W48OMIUZ0M,yellow,3,0BRGCNBO9X,805
R1MV4E07PN,blue,5,9EA8Y2P6XM,673
JCG8HJA5BA,yellow,2,EF1P7DW5GU,722
0D2SHRXEAO,yellow,5,FNYUVTYJ21,634
SOPTSVYGVX,blue,4,LJTRAGXMQX,983
JWWBFSD9ND,red,3,PS1FLAE3B2,646
5A9HPQR93Q,blue,2,UKF0QQ5JOR,655
48KXEXHX2X,blue,1,73719OOJPP,188
CDYM0TO632,blue,2,QIBFF0FB73,995
2PI3W139PH,green,4,IR03UG2XI3,472
TZAHF6IHU0,yellow,5,U1DC0GXLQC,783
AGEWYAQS6L,green,1,8POJK9DDTM,558
9LNJUTKJNW,blue,1,63GPYN2C16,562
JK70SVZ61Q,red,3,8PTNUDEFW1,998
N0RLYL3XR7,green,1,SKOP7Q1TNB,960
C8YBPLREIA,black,5,FDM5YBGKLR,913
9KSJ71OK5V,green,4,FIC11DLTIL,573
5MNYLY6GJW,red,2,QBV5MVIRRY,41
KQDLGXIMLD,green,2,ROW4NK88MH,630
69EWDN07O0,yellow,5,ZHH5LRB6GE,968
JGIXCXD8ZS,red,4,YJ1QRLREUB,532
BEYPKVTJ3D,white,1,IJZSJE7I3S,972
094XCP7ZJB,blue,4,YLV3X0631X,347
55CKNS2NYS,blue,1,4QBF09AK9T,409
BKQTNM6AVE,green,4,RY38YGCX0M,370
K64GBYTUM2,white,2,NKQXRESYE4,411
M5AKIPUD9N,black,1,OL6YTROB77,575
WFYFJXM50N,green,4,CTAXA1PFIJ,183
SJSRILOAUY,blue,2,54Z4VT7ITP,136
AWQ6CJFF8T,red,2,K2XJB1Z0VH,239
W0M7KQOSZB,yellow,4,LM4TU899D1,339
53WZ55ASUY,green,5,9A3MDAS4CP,830
YHWPDIE1A4,green,2,O0MO4EPLB5,233
EAMPDAKM0N,green,3,HA1M28IYCF,617
5535RXRI97,white,4,030WV3PC5J,218
Z9BYACWUAQ,white,1,FH8JJJ4EA5,862
C136D3M8I6,yellow,4,T22RHC4WZB,279
LF8I5OIC6O,yellow,5,8XNLYR524D,197
H266M6U974,red,5,YF57KGQXPL,67
VWK5JSLV8R,red,5,UQEJUWDHS1,824
7A76PD48YN,yellow,2,76M21FL63W,870
85SRJWWRPA,white,5,4NZU35SCOB,435
IRBM7DIQNH,red,3,B3WDZAIH13,430
RQXKTFCHGT,green,5,6E1UYKCV7S,421
QLEF85RQ4Y,green,2,YRDV5LU2ME,213
N5K157H36B,white,4,13E7FQNL5B,88
WX1TNOUJKV,yellow,5,RRI8SJIZ8X,448
NOJJHU89RG,blue,5,8QJSB76N6B,898
244MJ5DWWD,yellow,2,K390ATSCQ7,697
XQ0IJJZKUN,red,3,MNYQ11GCM1,242
ZVKCIMSHL1,red,2,KSPFOET3Z8,122
1BUGGZRONR,green,4,QDC94P4CCD,294
40592V8WTW,green,5,3COY9GXBPR,995
AFL3CDTL34,white,1,SV2D97DSPL,547
EBR65BIJN0,blue,5,C95JQZWUJU,420
1FCQYDOWM7,green,4,UWDVVT6GPT,245
SZ8G2VT0VB,green,5,ZV1JINUT5I,349
E3P6FXQANH,red,3,5XI1MAK029,255
V6IC1JEB50,black,3,VZDXN8VP3F,932
NTXYP3V9K6,white,3,L6QBAMLQHM,454
RPEIDCG8SX,white,2,RIYGT2RZEO,42
W2LTKX7BPE,green,4,CGRH17QDVL,583
LPT4V6M2WJ,yellow,5,PLR3HGRPTX,385
XCDJD4IC6W,blue,1,D4JHS3GYYN,294
FXA940T2E0,blue,3,SIKJFV0TMP,740
TS59KIXJIL,blue,2,EDXOFT2MQY,796
CVF02K8KEZ,green,3,IY9BRHO3SE,989
CFVST5B29N,red,5,ZGXVRTB5S7,758
4IW544CKED,green,4,SJ5QA99QF5,265
HCQT0XE7E2,white,4,B542U5L52D,593
F17P6EYBUY,green,2,N0UH8HTN1R,623
BEXEG7JNPC,white,2,008K79IX66,316
PL01NFGZ7E,blue,4,226AWZRJH0,69
LADJGFHOB7,green,1,VDMSAETXQ5,396
EUOM3YZXG1,green,3,5HA3GJ9QOD,778
3H13ZX0Y89,blue,1,4NG980JA9W,584
P5F7JQS8KM,blue,2,AB4348YI0R,461
QVQ3TF0RLD,yellow,1,UTJ24I7OGE,547
TVIAF26CEV,yellow,3,M27DEAJVM1,955
YMJQPPFW9D,yellow,4,BQ5F4DT8LT,405
7GI9DJXWBJ,yellow,3,7RSULJHQIL,646
0DNRG64DN4,blue,4,HCGMUG6JT1,586
L1VEQFIUYJ,yellow,1,WA9R0TJ7ZO,268
K0D0W1WW3U,white,5,TB2IYPXJZR,310
IO9J9PR1YX,yellow,2,4L8LRPK457,738
C0RTYNVQFW,green,1,E7RC781YDG,189
Z3PX7I0JOC,green,3,QE1UJJBJG4,739
1XRMVR8SPU,black,1,MH0W05D9XK,690
IQV8HY66B1,blue,1,6B3KJRKNSG,381
Z13HK9X79P,red,4,P9FN16NDWN,97
7PFJKM478B,blue,3,2IZL4V7Q07,66
3EOXYH6K77,yellow,3,7GA1XZDKCX,301
08IQKUMLYP,blue,2,KQSEVCR36F,17
LIJCW67CUU,blue,2,7VJTNHW7MO,282
JFSPK8WD21,blue,5,WXIBW4Y5TJ,297
AK7CV6AN5R,green,1,0UNS1V2M72,946
2XHXJNIV1Z,blue,5,Q0EQHZ1N0C,503
G8JTYWT9WK,yellow,2,NK9CF71XNE,188
22JBYOJAVM,white,4,40CJ34FBP8,759
UW9UQEF790,yellow,3,DM303OA5W4,944
R8RLS4E1YA,yellow,5,WC2J38V7IK,511
7Z5C7KHH5V,yellow,4,28LZL0ZG1L,605
C7UZ4F3HVI,green,2,JO5DOM0A7Y,48
3JTCSK1SUN,black,1,42FEYO0ZO7,470
YPFFMGBW0T,blue,3,AE5ZV7LQD4,87
T1CBNW3JEZ,black,3,4J6Z572IZW,151
25L9KTOJNM,blue,3,L1FAFH2RRH,4
6CN85DBQKK,red,4,IDCG2B2AC8,321
X2BIMIPVCZ,green,2,5PDUVIOM4R,569
W4C0GE40XL,yellow,5,BPF5U05DZU,931
7K2OSG6PY4,yellow,1,2UGM8PTBGS,255
NYB7M2KS2I,blue,1,TTTUZ0Q70N,570
KHIZQQGEZ1,black,2,KX94VH8XLV,842
5X115Q068H,black,5,A29E0VCSIY,892
FH71TU80H8,yellow,2,GEZ14AMMH7,920
6S9AEQ7CMP,white,4,NE80HFY6W6,151
T4OV7J57MV,yellow,4,BQOYXQ4TI2,396
P3RDMU8VJG,green,4,LBP2UXM9WS,610
B6XZTE2JNW,black,5,JU3PK521FV,675
N0L9PFY5P3,yellow,4,G607JXCAMH,661
QJG38MMIMF,green,5,BGXIH9F8UF,231
12GQVFPN3N,black,3,5BL6KWRGI0,441
1XVURIMBKM,blue,5,S9NT43Y4EQ,854
GHNV02TFEA,red,1,3FEFMDTHRY,417
6KPFKPULV2,yellow,4,RGTHG6YDQI,946
EJLJQ9XHUP,black,5,2ZG6MF54PD,246
10SPAE7IZF,blue,4,K0W7AC62K7,265
GHVJAMJSEJ,red,5,WQ70FR1SH4,261
J4R84CUOWV,white,4,7Q7N6SG3V2,891
ZCTCFLQ3MK,yellow,2,TDEHUUGOO0,391
DOUY3Q0BR7,white,2,YI6VXE7U0Q,388
WU8V0KS2X7,red,4,3667ZT6THH,639
4AJBVZY315,yellow,2,MABIKOZGTP,1
UOB8VGMAL9,blue,4,02E9INCA4J,412
0MJ0YGE91G,yellow,4,4L62YPE2H8,155
SAWFYTIEVV,blue,1,PB0616G381,505
DLAU05Z6HJ,white,5,SC14PFO857,197
XTIUASS4RD,white,1,J2DSXH9B6C,135
35XEZ0Z1XT,red,3,I67BTUHH5D,219
S4YTJQYT45,green,4,GKXNYC1F1O,771
BM44BYU25N,black,4,ACCFUEUTOB,772
OJE6N4KVO0,green,5,N2Y0MJF465,407
BA1DB612SO,blue,4,4OYYEYLLA2,407
DPVFDFL3VM,white,2,6C32A0JK5M,553
3D67EVUP0I,red,5,OXB0I8GTOV,745
NPTFC6TKGZ,green,2,WM4VRNX03N,67
S7GGC01HN6,red,4,4C27Y08IZ9,502
Q708010HJT,green,2,31ME4X8KNA,976
PI4UQSBJXS,blue,4,QBYN1CX46G,971
W1BEHVCSIQ,red,5,HFAWWXZWKJ,508
QX1SC4LSJJ,white,4,W8MX0ZBY10,280
DB3PGNNGUE,blue,3,WLP6SYS8DM,465
OMBC7VVUHK,white,1,L9PKNJUJW4,884
LQQXHA2QI1,black,4,KFI4T1AKEV,559
CGV5KKQWRC,red,5,L93W1CPFKX,482
M9MXNTS19V,white,2,2RHJU17285,112
6SUYZYRP6H,blue,3,SMZ2KVKXQ8,375
2MAYXQNJA6,blue,2,8TL8LN4VV6,514
BGKN01OARG,yellow,4,X3V5RYLYB4,5
O1IANQOMPF,blue,4,GJEQRETA1X,992
FS31YGMLUR,black,4,0WG9HO8OX1,686
3HZWUYOAT8,blue,3,13KGMUNOQV,720
Q6PAED5RUE,blue,3,IQB011IG93,480
GRU3MX4B8M,red,3,NO0N12FS96,207
XPHFX4Q3MC,yellow,4,9PPZY0S0OW,140
KIYYOYSU2D,black,3,7S580HJ7S4,507
BP3EJNHCY6,white,4,MDR2K7WSJ1,289
HF8KG0GLK4,red,1,T1CV7VKEGO,71
IBIYJFYKA7,blue,1,3DV2BLRMU0,929
WEK8PVKKD4,green,4,BZ18TSM4FL,967
PIW166YG4K,black,2,E0EW2KGLZT,289
EK3SM7X2HY,yellow,2,SLS8H47ASM,790
Q1Y5Z0T6BJ,red,4,LYOEYZ0E4B,3
R5PSYW9SM2,yellow,5,8UGPGLHCI8,193
E5COWDUTMZ,black,3,N0AHHAIVL9,401
52F09A3JLC,yellow,1,8LO2VRRVWA,11
OMP0FLYL6R,white,2,I7XBQ0FWNZ,355
Z15346BUO0,blue,3,BGDR8KPJRO,498
HPT9VBN18R,green,1,1TZPZACN2J,908
FWBX13A11I,white,4,KIFNI5TZ93,239
ON9256L425,blue,2,MGBM1Y9OKQ,659
EASFPKW3UQ,blue,2,ZSS4MFPB8N,397
Q1HW5TIKRN,blue,5,YFYRH5T481,477
DSRN4C6B0C,blue,5,766ILTH8C5,164
M8JJ49TQ0T,yellow,2,GNRO0T95PL,100
R7G39ESR15,yellow,4,HKB39RSP4K,424
FAB941W59R,white,5,AD61UYXF0Z,114
V655JMB35Y,black,1,HHBBCGZK74,642
EIPO4DTXGC,yellow,1,PVNZYIEMI0,168
I1EF0OOAUL,blue,3,CL6FE6HK5L,963
F7K409MK12,black,1,X7QMUP81WL,414
7GSBUILZJ2,black,2,LGVY2DK3WQ,272
9F4VV8GMWP,blue,2,IWCUA06GBD,527
DOQ3QEOB9Z,red,4,7TNUI61Z80,776
YR6YKCW9Y7,red,4,RZCH7NOOIZ,763
MPEKUKSVXF,white,5,QHUSYOGJ7Q,71
L0KZ2DG1U7,green,2,2M3WDH98VI,168
9HE9GLO5AM,red,4,WJ9UIUJ3WT,611
9B47WEB5YT,black,3,9MOPI2I2QZ,257
1Y3HO96RT2,blue,3,IETGQX21CB,284
X1EBMCSRPV,yellow,3,X95HJUBMFX,812
ZELPGWLRFS,green,2,6BZIJQ0SGB,828
4FKN0101NH,black,3,K25C6SC0JI,281
DM18PKQ941,blue,3,MTFGFK41YL,818
5ZE5K9WXGL,yellow,1,GQ1EHS7TIS,481
1WMX5TUBRH,green,3,J3ROERUAME,621
YHJMZG4RKC,white,2,PM37F1ID84,674
NP7FWMD9GY,black,1,O9TTH6BFG3,638
2QXFFA9A3U,green,3,865LIZ23N0,771
K01XFYUFNB,green,2,2E8H7EBDRZ,205
9N0L6G6IDZ,white,1,MLRWIRZ13F,710
N8YDTKHRZF,red,1,TOHSK7CCEV,148
6MUTTR4V02,white,1,38202UJE28,551
EJUIR6QR9I,blue,2,R41G0R2M2V,819
5WVIYRMZYR,black,1,1I48CRSBOO,538
RMOSKTF4X0,white,4,XG4JAWGU5K,549
RRS1B73492,red,2,MZI37EYNSH,262
BSP85IZC2R,black,1,IVEXKQ8RTR,723
DQQU16TKS2,black,5,3VVYMT3UHZ,5
B4L31FG5KC,black,2,EHNCNTQP8M,560
40L35ORI2F,black,4,AV1J9I6INZ,82
AKVLAKGT65,blue,5,QJBA7UTRFX,985
ZBQ1SRKP50,red,2,OXURWMTRS7,383
EVZHGLBD12,green,5,W7RZCEGGCU,488
6CG5TZ0SYL,red,2,KCHM7ATKBK,594
SB7QUIVKAR,blue,2,9QADYYDAMN,531
R8B2RA8MWT,yellow,1,0H7JI12H51,353
PQ3XGBH23T,blue,5,0QP5E4516Z,880
FSXNV3FLS2,black,5,S3YQJ1J2ES,229
KG1XBCGW1S,white,1,6SJWU8VOQE,41
HM2FB9EXDH,black,3,22Y2OJ1WOR,485
SFQ6XY7JWF,red,3,DKXDAHSZ62,4
H6CI47L7I0,black,2,KC3IQ2554Q,689
D4DMSHN3N8,yellow,4,AN9XV6BG1L,347
7FN2HX3XDB,green,4,5F4Z9ENDL8,350
5DD7VLA2XZ,yellow,4,MNJGC35LUW,864
VSA26HYME5,blue,4,RUF3SGOL2B,842
IYTT2NAD00,black,3,433BDY77GP,372
RBPFTAQQFF,blue,1,ZKIMGGUUCO,704
J41NOR3NA6,white,4,KGOBLIM2LT,190
2A4OUMJUHZ,blue,3,78U9ECUBZ4,170
QUQ8V1G6ZW,blue,4,W7PTR2XBV6,875
DU98YMRL8H,red,4,H5VBMYWYSP,814
YVO9UGRXX4,black,2,LZUHHRA54N,597
5ZEYGRKJFX,green,5,99TAWE1IMV,109
5IZT4KX2NV,red,5,KBT1GBN6RB,550
QCCW1O9VYD,red,5,MQDG4TOXOL,663
AERSHL3IZU,white,4,Q9JFOILVEI,471
1VWVA6HMC5,blue,2,AGSBAZSLRU,339
2HL7SWD5OT,white,3,8JR59WCS16,16
2Y9PNQ7A9N,white,3,HM60278PQT,268
RCANC7CSNL,blue,1,KYOWJG0I8D,227
V12SZF3SVJ,black,4,BS405HQLA3,327
FV090SEP4Z,yellow,4,DE6XSKZ2B0,855
NXGK8GO0GU,green,3,CKFAMLXF65,681
NH8RLWZ936,blue,4,A1Y9AVBLVO,410
Q9Z3OXCC74,yellow,4,QOANCK31Q3,507
AZRCDF5ZH2,blue,2,QYVUGVAD6X,995
O32JBYZX4W,blue,1,RB3SPU9NE8,299
E46FMIBBNN,green,1,G58YJVCZBV,71
BCAN0P5HUS,red,2,OOSXWIRVUJ,698
N8HEFPMSN0,red,2,08C8YDXBR6,788
590AAO2FZU,white,2,KPAXY9VNPI,854
2FKDY4EDEO,black,1,U1AYGOID1O,460
IRU38NQ9IL,green,2,W1E9HO72G0,233
GLB0H7OX6Y,yellow,4,SCPUVWA8IO,878
8J0QMDINWG,black,1,XF7PZYJWCZ,73
SB4Q1DHHV5,red,2,5U199LI4BQ,485
6XZS5HNEMY,white,3,U7QDBO40M0,421
5JCHE0IQ0O,white,2,3569RM9PLX,267
CJG9YZJ0P1,red,1,6EIAPY1WU6,450
4FHBCOGDU0,blue,5,4CPVIPNILQ,681
YZF1YRNP1Z,yellow,5,LVAZJ8CWPH,186
L9QT3BFM61,red,2,S65YGR7YZA,514
7VETT7CKY3,green,2,RTBV5DPM7K,643
91GMKQ658R,yellow,4,1K1WQQOWGV,837
USZWW7B6H7,yellow,1,17RUWY6MR4,431
PVSU0COGF8,red,4,NDT0YUSMB0,825
KFOISWX4BP,green,4,0F2HHEA199,977
ZSSKENXPE7,red,1,4RUA9DYIFI,176
B0I3ZXI4GT,yellow,3,44VJDGLEET,667
QII9WI2SUS,black,4,YCJ31VGTJ7,872
KP6ROUOV6Z,black,4,VKOXF5GYRK,620
W0OCADMA1E,blue,4,TSAKK89POH,234
LKN81KWHXP,black,5,0T2I5PVQ2D,144
5P7C7UYL0G,green,3,1I0HQ5BSI4,905
6TSU7L13NL,green,5,GJ78WMKGM5,539
AISYLPBDP0,yellow,4,HEXZSE4O0U,915
3RI2CSI94G,blue,5,Q16XE0ECP6,182
TGIS43G4IO,white,2,LVYHSN3LHM,250
DQJKG8GFC3,black,1,YMSGJTN6QY,555
8UONQLCLF7,red,4,RXVI00YEJB,849
EXE1LWF7GT,black,4,G9HGIZB4SM,87
3H5HQ8ARHK,blue,5,EH2WHFVG6I,629
ZHCEX7JEM5,white,3,B49UQXTKUF,354
8I6EHAK56B,green,2,1C9UC95PJ5,847
52BTFCA3AX,white,2,HR9K82CPJT,146
HA1ISBEVIY,white,3,GZRQMAFCTX,891
AC6FV2UEJ3,yellow,1,6HKOT3APLG,20
7XQC9ZISI7,blue,1,O9VAATOKIX,317
GKR5SY7QNT,black,4,AHJBIBRDAW,958
VF6ZDP9KT0,black,4,HXOV7RL2KM,66
08JJIG43PC,green,3,AI48LR98GZ,157
4D1TPL76UM,green,4,G0NCRUDL4B,411
E3L3KSVHH4,white,3,LZATJ3JDVS,444
TH66OKEC2X,red,3,9WQMXGKKWX,24
Z6XTNW843R,green,1,C3M9DU5UHU,644
Q5Q9MQ86T6,red,2,E3J342QUE7,31
E4331BZTBI,black,4,J9HZTVGV83,561
GTYGB4ZW39,black,5,S7HLLFEEFY,158
JKIZUVCFAP,black,3,LYAOZ9YZ29,562
90VYM5X55L,red,2,9EVUB86OKX,511
3S2QW2PT2H,blue,4,U5CZHXMAC6,608
6N1R6IQHK5,black,3,AGZ2IVPWGK,273
P53DV694NW,white,5,6PMBB7P5TD,459
B6OCS944FM,blue,4,GK195AVS85,367
JYR3IXFKT5,yellow,5,3QE2ZUHC5A,226
XUHZ1Q2R23,black,1,ETJU79DIXN,349
UFY3GKCQHY,blue,1,ZVJEQ8TWMD,382
71MSFJQ9DY,white,4,MX91LVLOBK,480
6BY80WFK7D,black,5,0IRIUGHZI6,456
T3H7MBUPMC,yellow,1,OSCFHJAWBX,309
PC69F27Y66,red,3,6QNIFHQJ0V,790
U6Z5OPKC4I,red,3,QA88R63Z8S,899
59FLRT5ZY5,green,2,TAOE4EOZ3Z,496
QWYZ6QKABR,red,5,996MOTUPX2,995
6SNXG5VFP4,blue,1,UUF1MDE621,256
BV36FVNC3S,blue,5,8WYWA89W5A,217
92TR81X6LU,yellow,2,S1RP72T9E4,551
78JFJI6AVO,green,2,VD3TH5N9L7,407
DQYIAY5MVQ,green,3,AGLEQGNZ7X,318
0O0SK90PH0,black,2,JTH9EQH7EX,680
KBXNK19ALG,black,1,06HE080DAZ,333
NQ39MKR82Z,red,4,NO7W46GLZ6,200
3HOG728S39,black,5,EHTEKKIVQO,246
KQP1CKCNQP,green,2,H82ZSX8O3V,308
9NKPN56JF3,black,1,I171NR1GJH,211
ON8P07OE4L,green,2,QN41SLRLUP,321
7VDG9JYGIW,red,3,O8ZTGGR1KW,651
CYH014CTTR,black,2,U2X622U3BJ,87
3VZNUOQ9PL,white,2,ICYITW5YGT,172
IRJSF844IA,yellow,1,CGFCNKDBOT,529
XNMK2ESXIG,black,2,SSO8LJMG3V,957
O0G5Y176DT,yellow,5,P3QP2IUEGK,335
ENZM6IWQBK,green,4,0R0CAG0WIH,881
ZPAB8IK7IN,blue,5,UF0NCR6YNF,464
KOB0FBVQRX,yellow,1,LT53UP409W,804
I0W3F2BM4L,black,1,1T8KTAZL10,770
SXPSU2BI5P,yellow,4,G31N85TYBB,817
EDLXQC7EQP,yellow,4,5D0EHMDFGM,865
39OZVT8X5Q,white,3,SKOZBLF2JN,500
KIBBVHPQ6I,white,3,T73HOMKBY3,630
GFW8KQJ6Y7,green,3,A232N5LWOL,834
S6R1EB2FGO,black,5,PUOXL43SUF,740
HMZWGZAA8R,red,1,ZJVCSG4O7Y,698
DZYVXGKEX7,blue,5,QXZ975P25S,121
KYF4U065TX,white,2,X8BY6ET33P,674
1VK4MBLAC1,white,4,HCZB1XFHEO,389
S4KUYQD742,blue,1,B7PHFYHGL9,716
FY7455FAYK,yellow,5,KYA2P04JQQ,394
5P517GBCSP,yellow,4,0DY7KKD1YY,749
A885PYWXZP,red,2,1H83ALS757,917
04YBRLG57H,black,4,LQ0ZUF182F,327
7LDVK4O1E7,blue,5,6EFXC9RG69,501
0K54BXN6F6,blue,3,EAUGI242PF,689
D8KPNVBNOR,red,1,Q50GFPMFU8,240
O2YTBYGSAK,yellow,3,Z5WUHF2FZU,859
ZAJZMLZPZE,green,4,HA272UWPAS,61
IS9XQTPAMG,green,4,TZM44HL49T,159
354QPA2FMV,yellow,2,YFPME0GZZN,194
ZIW1SJ332H,green,4,6LYFKKRACG,633
KKY0CSD8N2,black,5,RYPLN4T4SG,677
KAQ8MIGDKN,blue,3,LIUWBB950U,477
T631YOR20U,black,3,UDYCWH8VSH,231
EP7790A3GZ,white,4,Z6DAUIS4HK,157
YTFEVLUTNQ,black,2,4DI08NB439,19
XFJXH8E13B,red,3,K5FXYBS09L,383
C1G3GHQCRJ,white,1,WZWFQR5K4U,913
GEYW5AOXKI,red,2,DGP51YAI4F,728
PPAJZARGA6,red,4,E6UK2B5MIJ,941
DPM04JZNDO,black,1,8A87L86965,754
B49W2NHWM8,red,2,0EG1K4EVN4,74
FRE487Y8R1,black,1,MMT83I5WJY,401
VKFS38TM6V,black,5,VSCHXNBRB4,816
KESMBT1ZD1,blue,4,VUELB8DE0G,99
JYR35CAPOZ,blue,5,NQPT34XCKJ,198
WAM1LF57T2,green,5,GCTLN8ZVN3,295
5NRV1UK9PS,red,4,D2QNKHCB0S,42
WFYB16MQFW,black,3,GK80K3LWO2,772
BA43C2KWYO,blue,4,WRMJWE07D9,124
78RZQWGFZ3,yellow,2,KGT9QBOHZS,409
PGPXL3WET1,green,1,RTWBG14GYG,984
MNTNXVCZ87,blue,3,FH929GS0AV,602
XHRRCIKQW1,white,4,4SX1J5NYIV,309
TVZSVZHBQJ,green,4,P4LYVFZ136,266
UO5C7LSTXH,red,4,X3D9C7ULAN,687
NPHHMGN1A9,blue,5,5WCEJJQSDG,386
ATRGG5R9CJ,green,3,19MS2QPFMQ,323
XZJLEWK0UK,blue,3,VTQ9S709UK,92
AU3AU9B1KF,yellow,3,E10JZO6O41,688
PMHHMOUKXA,green,1,3M2MQGEZYK,42
HG667012OA,yellow,3,0FXTCY3WOA,615
G1BURED6R5,white,3,DJMYIG1P8Z,720
80RHN3SVRM,red,5,N9MMO8SSC2,52
YMRTO3QOMT,black,5,5Y7JGE8KO9,261
9JYK0CI8NT,white,3,F2DFQJXZWQ,385
HLHDMG0QAH,green,2,QUGSDN2LCM,23
4HJKF2SZ0R,black,5,ENC5LT8IQP,97
LJWTPGADAU,green,4,H6XU5872RS,911
GQJ2Z7G8VE,green,5,8B6NBP48LK,184
I76OGQIMUN,green,4,EKMPS8IRQ2,80
44VUGG9T99,blue,4,X0A6VCMQB6,446
BSSH5NAXQX,green,2,FJU0924GH3,896
8MPIT89P7F,yellow,1,OJ3QLGCXM4,551
2OFEPQID00,black,1,DM75IF797Y,421
00MX2QXHZQ,green,3,6EK6DC86OL,688
2TMH56XGKV,blue,5,BFP7SD1B4P,294
FMTX91N889,blue,5,IGPOZK0EC4,942
MYW37CTVCL,white,5,ISRZXF6VAY,843
33FOWQ27W9,green,4,U0VTGOSYEV,276
DRD8PAJ9DO,white,5,67FNXTB8TQ,849
7R7BKKC1Q8,red,3,5VOJPRUQ4K,696
44AGL4NIQP,blue,1,XWBIXFT47C,882
HXOYSQO01D,green,5,0Q3K7HKSS1,46
JGGO5NKI3M,blue,3,ZZPV9PRS50,375
Q0V52YOMZ9,yellow,5,WJCSSC3MQK,372
FAUW296TQ3,white,1,LNT3AILRLB,675
T5VJIMADB6,white,5,HFVNXNEY0K,725
E56YHGK10E,black,3,3KIYKSUG8T,826
UQ82UH6U92,yellow,1,EW2LFB23VS,231
4Y4QMF98AU,blue,3,942ADLAQ4Z,211
61JNDNZPN5,red,3,P4RIOG0PHS,120
SOYRV5WPLS,white,2,V4KGPHF1UN,236
WMO0VSUY96,blue,1,SIUFWFQF08,364
XAJ46J2XBC,yellow,2,2FU81R2N24,66
5PYX8C6YVD,blue,5,KEG2DLW6NF,646
19GP10SXLT,yellow,4,M3EJWR1OJB,258
IPAO5PJRR7,white,2,6RD60H8W76,406
KW3E6PK9Y7,blue,4,CLGA3JZXYH,125
6HKGAS2CJT,black,2,AR7I34W1RU,310
UPS96C7YJ7,white,2,10QUTQ6C0W,938
GMBZ55Q4AU,black,5,X8V83DA5K8,410
SBT37GECZU,black,1,Q4KTKSI8V5,5
BLSXCXFSZ7,red,1,8ZX8MLMZNK,660
P0AP3WBR1E,green,2,JZ84NCE1KZ,886
866HH0LG0F,green,3,675KJYFGAC,825
AXXBNQDM69,white,1,DWMOGNFZCU,939
KNBBWM17BM,black,5,SG3D97IHEU,95
PKJO4IJY4E,red,5,XXT0120CBL,81
ZQT5G0YUS4,blue,1,1PA5UF4LZ9,682
TQUII9KLLG,green,5,21441WSCRE,554
4J4J6F9HAB,blue,5,96ABJYSU6H,492
XZ63NONBKG,yellow,3,BL41GW1MLG,528
6WNBK86ZJ1,green,5,8ZZ8Z2P26R,437
OFHKX81NC1,green,1,2IFEV4V2IF,201
NUJXYNWSWA,green,2,AFR75S3GLL,749
C8GH8SDPQZ,green,5,XUGH9OC3T0,357
ORV28LM3OL,blue,4,I2AFCIH59Q,334
M9OEDX9ZCR,yellow,2,MS18HW0OTT,185
S6ZURD62NP,red,2,D4PVGHGQ8J,865
GFM7V2B3CS,yellow,4,VITA7IG88P,854
JM6934Q0ZA,white,5,YX43298407,71
C9L1H7DOF2,black,1,GVBN0487T2,129
R0EUK23J9H,red,4,U9D2DASEKU,753
92OG8KC17B,yellow,3,K8T8EH2S79,809
CS1FHA7LWK,black,1,HF1Y49D6XP,699
VIOUIF1OKC,white,2,WG0XQ6GJ5B,395
YPNGJR5WSP,red,5,7NKNXRE8B2,65
ORP8JMK33K,red,3,GIMGMM3RNH,695
8AEPHI9XTS,yellow,1,AVKUCATAUT,125
IRR3DMZKDZ,white,5,46N57KUAT1,689
VRY50S844R,red,1,UHG24WP2XN,84
R1832I7ENZ,white,5,6VIJXVTT62,997
E29Y6LBVIS,blue,1,YC73ZHWYQ7,531
Q92MIQWEI6,green,4,AI8AQZO0AL,856
RFHRMLTAY0,green,2,LC6HAHO32D,210
4FI19TU3PO,red,4,YQ8TUFRZAP,203
L2P8TK3DIU,white,1,V4SHXTC0JW,8
28MEGKZHVZ,white,5,JBGSKXTZ8K,834
EEZ5A5O1ME,red,3,CJ4RJS1Y5W,399
8K93LXAZU6,white,2,5WVBISDKZ8,207
1DN0JUKIFM,white,3,8UU769BGGK,533
ER3PPWHGN8,red,1,4DCJ6IZFPL,590
C0Q13CAXVE,black,1,1XEFL7NQOI,480
YBMTY5G5B6,red,4,39WV4SIQ4C,410
XNKMSZWYPN,blue,3,Z291FX9XCQ,463
WXACPZ5P5J,yellow,2,RP5XXBVGYO,711
K1D40Y3LJ3,yellow,1,0CG6J4YBPZ,903
S2IQ6TGBZJ,green,4,VAR8INIK1K,576
Z7MGVP99TL,white,3,GACFBKXZPF,346
VG35OHY7G0,red,3,6Q23TNZS6Z,10
Q15HJL0L4R,black,5,XYZVQUYRGJ,100
FBYPQZM2F5,black,5,YP4AIVRG5C,556
PSB34X485N,black,1,HNKPRPRO5B,165
Q5WPOCBHFZ,white,1,MUB6U8THEA,115
1MXHQ5BSPS,yellow,2,KLZ4EOMUB9,176
MGWROW13TC,white,3,4C24DJGISV,986
RH2LYGJDG8,blue,2,F9VJXAZ4J8,234
XOZS88KI7G,white,5,QSEJ8HUVME,909
LRWKVPCWXR,blue,1,FRJPVG4152,278
ATPWY680DP,blue,3,4USG9DQ6S5,699
1VWRY3XGZF,blue,3,DSBVJ74NMG,652
I5NJCG2GEM,yellow,3,65Z39SJM1E,105
NM855UJNE4,white,3,N9CGGMLLNU,447
ZW7KJQG1E9,blue,5,RJ9UVN1S7T,307
0092QYYMS8,yellow,2,IPC6NL3EC7,305
GURFJ18Z6J,red,4,6MUQZ66S3Z,953
OPJPDW57XP,red,1,6TOQSJNTJO,516
XA7TB2TQA7,green,4,0640MI8IXW,304
ECBYQU48EG,yellow,5,PS7VNCM9HV,927
LX5IQQ3W1U,blue,5,L3ZA2D6DA0,467
25AUPQBJFB,white,2,UCPFLLP0RN,950
6I2WJWNZIT,green,4,WQBOFIHDKA,641
ELCXE47RWH,yellow,4,MZ9Q11W6LH,471
O3HUELZ850,yellow,5,4B8GUZNQFQ,83
6IGNH8FOR1,white,4,3QFVJ9FGTK,420
R0MS26OSYG,white,1,4G7Q7UQ8W0,131
9717C6C0IP,black,3,5NJ8A30N88,227
QBR21EOP8M,white,3,2SU8V0ERS2,801
ZC5AI0DE8M,black,1,XFSY3YDJ3Z,778
9RPVR5ZCAZ,black,2,EGI2SMCGG1,346
SK0JONXET9,yellow,2,4M36CFZZ6Y,356
3M101RCCTB,red,3,70HZDCO104,574
OL8KB1GBHN,yellow,4,KGI50JHW83,253
QX8HT00QQY,white,1,A8LB15RHFX,436
64MWJQ0Q1C,green,4,S6GF02KDQV,115
M3L7ZIVO61,white,1,QQLKGHPHGW,104
ENQBWTCDVU,black,5,J29MRI9JP7,718
BWVVF8ZEU6,blue,3,05GYTV8A7A,282
7QKTTHJ9IE,yellow,2,F7I01XUM2D,980
13RLSGXW12,white,4,6YIKQVS4G1,75
IQASRKUA5J,green,3,7YIHN28MGO,891
M5WDQEORUH,blue,4,ANPB728JBV,386
RM4D8D6KOR,white,4,JPBCC8X0GI,588
H2ZLHTYYGI,yellow,4,V8G1QG9236,596
TDYT4IGOXZ,yellow,3,XHHMTE7VK7,879
048L982ATR,blue,3,VZXH11H4EW,16
IE86AGMK92,white,3,TSVV0NX9G4,12
UHHLJZWDC6,blue,2,5HNCE5KI8W,513
KCGN02JLHP,yellow,5,W2XB3A0F71,342
RNMK5211JA,red,5,LNNHQEA6DP,734
IPYQH584VM,yellow,5,RLWDNBGYPH,81
T3CVB6D2B2,blue,5,A0NGM9QB7M,938
2SYOI8U2Y6,black,2,BFQZNUNFVX,990
NNWV1VH01E,yellow,3,Y4Q7H07W6B,887
G2QNIOM3VM,green,5,L7JVTPOGO6,913
EU50OTWUD6,yellow,4,EH18XI2PHY,433
PDZ0CYD6C0,red,5,G4IOKM74NQ,482
TGUFO1FJ6I,green,4,LUDLO5CYH9,314
I3YHGS0Z1P,white,5,W813L7ZFM4,198
XNJP7LQSI6,yellow,1,AX97L16KNS,498
B1BRH731ZK,black,5,5O0RTWA8WC,124
WWE0FCKB8E,white,1,NDMMDILVH9,209
1F4044RS7L,black,4,3ZUQCVWLP3,621
C2921WEB0C,blue,5,AIT4DM0FBI,826
AX65K71LPF,white,4,V3IFWFT50T,248
0W8PJL7SMF,white,5,Q93CVDA70C,38
SIJFJCTWYH,green,4,4GQ8LMULZJ,235
VBX27N33CJ,yellow,5,UJVXO4A2H4,357
KB2DVXLZVL,black,1,SJQS0JFRSB,206
NI2SJ02L26,white,1,AL622PIB8I,702
VEHEN6YJAJ,red,3,DOPEKZWL1S,99
SPFMTGM3I0,green,3,BGZ8XU3OT7,224
2JVY3ABA8H,red,4,JIWDPZQIQZ,339
PJ5A4VZVN7,green,5,WJXYG0W8YA,141
YJP8AUM6YM,blue,4,M7FNEHUHP7,897
EMA28SSLYX,white,4,3UV8O2PS5R,948
73XZBV3KI1,black,2,MYM2TIV6NB,897
Y6441BJ6Z6,yellow,5,MFYLWA07D0,945
62WNSRQP1C,blue,3,WRTDMQ4YS3,472
HQQQTPHH2R,black,5,XFQ5KCOQ8A,65
4880LTMYYB,blue,4,1I2XAF587I,771
9XUZKXBPEZ,green,4,S00Q088Z68,497
IL9KJF1ZW1,red,2,I9C8A5R5R5,129
ONCPXRK878,black,2,G9MEY6X0PV,76
OIW3SXMO07,blue,5,QS4YNCNC5T,177
4RBZ01AM96,yellow,4,HIQ9YT800J,335
RJ9LKTEVPI,red,1,M26UR2QP97,446
R69TQMH5WN,white,5,RXVAJP9Z1J,562
8H2QDVPDWV,white,2,FJ4SFJLDS7,337
X7VDFZOJL3,red,4,UE9PLZBMP5,711
92J3GTT6IW,yellow,5,SQ936CGIJN,798
6SICZ4DXFI,black,4,YU66V0U1B3,502
Y1RXESOUMJ,yellow,2,PHF2BLVSQO,134
EPWX464Z3O,green,5,UBZPCHU0KJ,393
6FJO24I7PG,black,4,TWAVP5FFH6,267
A11ZJVV672,green,2,LLG94PNJEA,477
HL41E2R6MZ,blue,4,O1V3HX9AJH,872
3FVHQ200KQ,red,5,ZAFGO605DF,218
VSG19XN1NC,blue,5,INO6MSSQ4A,300
QLJHRM218G,yellow,1,0A0DG0E7G4,2
PLSEYUTOFM,blue,2,14TO81698R,66
W3HDCA0MQG,yellow,5,C6979FUL5W,737
SQ097QFVB8,white,5,S62MKJ72ZT,216
TT73X8F8RH,white,5,8UXU6JMZYH,48
PJGZ2XW3AX,black,2,X92GO6C51A,890
WN8RIDOAKS,white,2,DYEG6CUGVO,490
R8HUFV8H91,white,4,UQPRCWV6T2,638
ZS7S36J9R0,red,4,57TUP38ML0,989
ZY01OTFIAA,black,3,36FZJ49Q85,534
GVOM28IQZ6,green,3,6YXMNTNYO8,770
Z6E1017CKG,blue,3,2VTCUZ7KWY,920
NPDWV0EOZ3,black,5,QCQ0NBWFVB,29
M0YARS4UPH,green,4,8PO1V7I099,108
DF08TFJR8M,black,2,KIJ9PPUZB2,179
AHXWKF0W19,white,3,DRP992W7TX,825
CI99AICOPS,red,1,MYWMUUW2BF,200
BJMRV4LKMJ,black,1,5DPC40O03Y,736
3CUPRNPFR1,black,2,WZBMXQA3S6,220
AH6ICCLBIE,white,5,WIY8PTED8B,484
IDIUXMDWH6,black,1,AVAGYBY0ST,255
LI79XBODHO,green,4,60C8J2DV35,431
GUC0YPLMYP,blue,2,WGUC8FZH1O,688
ZP0U3NUMSG,blue,2,EJY4LIFEUG,229
EX06C0AKHK,white,1,GOS7MYZ823,266
GPKQP2ULZN,white,5,36NO4DHBED,291
7TW8RJNUDW,white,2,HL1ZUWLANM,446
26QTQ1LCFJ,green,5,5BP9J455HY,174
ZPY7WTOQVC,blue,3,66YN3LPKZD,862
VVEXONHE1L,black,4,ILWLV2AW5E,807
S1X9WAZM2N,blue,1,53HUJ9RI41,290
0G9KNYNC8V,yellow,2,QXUYJKRTXQ,989
HQK8LPT9H8,green,2,H92XRBH3FO,392
89UYW2UXEK,blue,3,N1QZ9WKS9B,725
SZLFJ8MDK2,blue,3,ZQI4GGJZT3,452
L1MH3BTT5D,white,4,S52QKZ6ABN,940
WH166FQUSY,blue,4,3YB89CVIYI,130
W1GASQ8KUX,blue,4,MBH9NWKJIC,627
9QTCP3OUQG,blue,1,XHHXUDZJ6D,345
P0ZEHNP73M,white,4,8FX192QRJL,771
7AE2Z4KLTO,yellow,3,529188UE3O,596
0V7LBM9S95,blue,2,ZJ4I6YQU35,206
QGAOMJVQW0,green,4,HAKQGVDRDI,315
7WMIRBUUBT,yellow,4,JS8TIZBT42,652
RGO8ZZ0O53,black,5,N3D862JGMT,130
GDA5EYAFQQ,green,2,QG3S7TNI7X,114
CHMEOBV1JU,green,1,BU0UDGE42R,808
D4N6ZH6PHU,black,2,KN3JYRCA9H,395
MIJ3CKT1C4,red,4,27H0QLDJJY,390
2E7636DXOD,white,5,L7MDGXD4MS,120
TXO86SAS9R,red,5,9NE7USY7DA,29
1NXSGA2TYH,yellow,1,V801H44GCF,66
4WKR5FJ2DP,black,2,SH9N8EZ8FB,212
FHZSBD8622,green,2,JJIZ1YB52M,861
YE8N2EG1YZ,red,4,52E93JUPCB,887
D0TZ6VSGI1,white,1,WIJ70ZY7PL,752
TUKI97QOZA,green,3,D4S0N3B93E,200
HQUHME6SSK,black,1,2LI8YY5LO2,619
K9ZHZB38FY,green,5,AXZDRS52XL,738
SN96JWXC7X,white,1,W6YRGUQGIR,703
R1L9RBWLUQ,black,3,6I73YPQR5V,825
NOTGJEW251,yellow,5,IDMDJC9XB9,409
53O0D4Q987,red,2,LT7EU8TQK7,241
IWWE4OH4FQ,black,1,F3UKWQ9UIE,248
MF4GB7H2Q5,red,3,PWZK9W7AUZ,526
2F8G7M2OS0,yellow,3,OBIDJNE9KU,106
XH3WMB7PC8,yellow,2,BYO4O30I4B,622
IJQGRYLYK4,white,1,7160CTBYX9,612
VOFB2H3FQS,blue,5,EKV1VRHDNF,470
TGO9G65V3T,black,4,RG24IM4JRE,391
IHOVWVINOK,black,2,DZG69PO9OS,553
CH3YQSBL4U,yellow,1,E6M97LA04K,177
B7K9BZFKZH,green,5,K398DFIOJS,285
CQ7GMUJ1FP,white,2,P8B6MFKQ84,922
8QRIMV6AB6,red,5,DHY05U2GMN,361
LA9ICX3UTO,green,4,43SVJG3BUF,546
6J8I2LZM6V,green,4,4I44Q7NFHM,483
JQF0F4XJGX,red,4,ZQGDSK9AII,297
Q3DG1FM8TV,white,4,1UUVIOLTT4,664
3DOKPQXML1,red,1,SAHO5ASNZ4,89
K0XVEKJ62P,white,3,6CX1UBWDDR,104
AZ73AQRN7L,black,2,IMK6G4PEM0,34
IPZW45GKPM,blue,5,FHMQLI2CXA,283
KUU91W4AOZ,green,4,P6BF80SEO6,232
ZMD9F94G8Q,white,2,PGG5F71NVQ,367
8NQZXU6YEL,blue,5,VLPN640VHV,59
YVXCRU1T1F,white,4,HPZ4AN6E68,570
8Z3UT4LGXC,black,3,JBA40LDJBD,771
DKIFHO4IFS,black,5,6P73X440BU,681
RSKK3DTB1D,white,4,FLT9M4OGWU,68
93DUHJE2ID,green,2,NIHIQD7H2M,719
MHYPZXH451,blue,3,NZXS4R3ZDE,67
3GWX56ZN84,blue,3,IMK1RRM3AG,432
LQJL49ERAP,white,3,MF9IF1G5G8,209
9728CJN1D0,yellow,1,J81T388KUH,30
7ATCBU1I9W,white,3,NM3NLM1F85,743
88WV8KIKTU,red,1,5140D9IJX4,751
O4IJQ2CAAK,green,2,D23PEL8T38,740
MXITKL148A,red,2,IPMPW0EXNM,776
ZNXUGDRA73,green,3,VI6EF1DAD9,216
4U8NY6PSTK,black,4,JQWFDKD4CP,742
ZJ0QMJHP1R,yellow,2,WMTDE86M0K,372
2Z84D9GJWD,black,3,27CX0HXHYL,300
E27MD97LHO,green,5,J5GW84LIE9,997
G55VFWRLFV,green,3,MMJR8S42MP,120
5BKJD3CTLO,red,5,RL3R2ITU1T,114
U6COMXF13T,red,2,1KIVHE5GP2,338
WBLKHWZ9I3,blue,2,Z8VBWAP5SN,634
GNP3XGB81O,white,3,S4Q5RMPISL,735
61MR4FM9O6,black,4,TTPHBU6GLO,169
9LDYX7511W,red,3,OBNCYTC633,939
16NBHVVT5J,black,1,X9A1VAFJGQ,15
HL7JHGXR3V,white,1,P47H22X7DC,242
PUMSPZOERN,blue,1,0DMEGLRO8O,661
WKSM7ETMQ5,green,1,O4UYWHZZZC,828
GDLMY8XSZY,white,2,ISP6P7KX1P,546
IS9QK982BT,yellow,2,SQP50MI75W,662
894JW9D91M,blue,1,DA3C5RWOMB,42
NEQ75EDT6B,yellow,3,NH0AW1O334,85
FYEDTYE7KI,red,4,S62WC31FJD,335
VVF7GUX7LF,white,1,O2Q6EPGZSP,765
F8F1T6X64R,yellow,5,DSPZ97MMBC,219
3QYLHDBOF0,black,2,5942ZW8CGE,364
GLIEDPSLJ2,white,1,4B0IAFGOTH,872
7SHD2X9LAN,white,5,GOML5NUWY2,195
WN7WU56OA8,black,1,258O7SFLM1,534
7TFFM3L97H,green,4,Z7VMA2TI3C,959
MEWJNHII7Z,red,2,M0YR93LCS1,450
7P577KLM4Q,blue,5,89T29QPCEL,783
GXVMO01DDV,red,1,U40FSHUSAT,62
OGC19AYPOK,green,4,YJK5LAU9UQ,562
QVRGW0L1CY,black,1,7Z97UQ2I7V,761
JW810L1TN5,green,5,7WSFUD99FP,199
45Y484581M,blue,2,DN494J2TMO,731
ECEAEMBS3Y,black,5,CFT2373D9W,59
25JZP27TDF,white,5,T5JQYJKV3I,591
4NIS3R47UK,blue,2,PMPKTFXV4S,404
UNT9TY93Q4,yellow,4,2AW4YCBXWV,86
XV0MSXQTGQ,white,1,M08K64TUOI,865
4U5W1SC6FQ,white,1,I767MC2VH3,264
QDFNIX5UMR,green,5,ILTO03ALVX,912
NJTGSQ7SPC,red,2,7F75HNQQMY,821
8FIGGEAWN3,black,2,UGC3X8ETWK,72
PJYJ0DDH80,yellow,2,EL2OQ5RMJ2,866
7PZMQRT2WC,yellow,4,KV05MJLV99,816
5OZTWEG3JZ,white,2,B7UL60SBCW,448
1GBOGL5PKK,white,5,FUHJF34GOC,447
8B3FJWGMUL,red,2,K088ZTGFB9,101
FGDR7RUQZC,red,5,ITMVUTY34Z,694
2MD9G7KFEZ,white,2,ANAAJ7CLS4,935
X97GPKHL7X,blue,3,AOSUVJSV9R,870
RFJAYT3ZKH,red,2,O6BCP98P69,353
0411MHQMAD,red,4,Z9THB9HOVG,159
SIYJGUBU9E,green,3,COSNPBZN69,259
30MCUVQHD6,yellow,2,BY275ZNMAU,675
OSN6WVVZ76,blue,5,56MU58V2ZW,487
92KB6RU3W6,black,4,9B0VW1JDRI,984
RJEVMD0TCR,blue,5,SR4VP6OMMC,821
QT9L7Q7K5L,white,2,CQARAS8AT9,563
CIGAMTM91X,blue,3,EKNRFHHG8S,641
Z1MEC9FL7M,blue,1,H7MOD2YZP3,579
FKGK4XZXEL,yellow,2,0I66A3W0BU,919
T2WZWEGEPJ,green,5,4H5KS9AAUW,875
RAMVNZ39RF,black,1,KL5006SCZQ,765
PHKD63KXF4,yellow,4,FR19IHN22Z,395
H5NGDE6XW7,red,5,GXM1GBOMC7,281
TLUVO2CDAS,blue,4,11R3YI5TTI,289
FZ151ZQ58E,white,3,RHZFMVV0NF,651
P0VJAYGLUP,blue,5,GCJ0IP1PCU,249
YW3LVBRYX0,green,1,RI4CZNSRFG,562
R2M7URETLV,green,2,6GU1HHIRPK,50
9HK2OR32KW,white,5,L8O88JGA0B,137
H2QC6JMBTB,yellow,4,IHSFJZM0BJ,751
M8FYR2F5BF,white,4,IANFO2IBKF,820
MSJVPLXOW7,blue,5,USDDKEXRCL,375
PQTW1DMKQI,black,3,NIWV1OR6MV,70
TCO33Y3116,blue,1,RY5LPT6QPY,142
1R7U84ARF9,yellow,4,7Q08S29I8Y,462
N2UUW1ND69,blue,3,E4HZM9JJP9,390
PEOPMLXO6D,blue,3,UUI1QCA1A6,659
OP9LU0ZWMS,yellow,2,90CD1JBEUK,356
GIGF7GFEBH,white,3,TKUA3COA1J,309
9PRY11L8TL,blue,2,JCKZWZ8K6S,736
TDEVCEQHMQ,yellow,5,SUCCHBXSI4,574
KQ3IY4ZC4I,green,1,U8O61U60BN,493
BMET6KLLMS,green,4,4D6H5I6OC4,508
6CETGPQHY7,black,1,Q14NGIFWNJ,29
7EPUX217TM,blue,3,2RSR8MAO3D,506
7B2BDHH6NH,black,1,3LX02W4L20,356
7OVPOOQFLC,red,1,AOJARBVB4G,242
PR763JCHL7,black,3,XSCKNO7Q38,148
LGTAD0GQ9V,white,2,RIMQCUZCAT,977
CBN0RUS0T0,green,2,T904I566LL,885
VBKGB38R90,blue,2,BM4GCL0367,547
4YZYRSZ7KN,black,4,5QTNXBPYNN,757
5AGWG0WZJV,green,4,QH8ABNOHID,252
5C3T6785TW,yellow,2,G9O9FJ6TXG,467
YVIQVK2O8T,red,2,WSSU6ZRL7M,575
M30YOS4V7X,green,1,28APBOB4HL,263
3JI7FOAE94,red,2,ASIAM1GLTN,689
FAGLAK9R9G,blue,3,RFZSBTQMGK,598
OQX8VFPLTI,red,2,69I6LHR3S2,556
36GD1SLUWS,green,4,N9FO0B4AO2,60
KYREK70C8A,green,2,2G2NB0PHYN,878
MMHNISTNRF,blue,4,HUI9U3KI0V,366
58B747Y6GZ,white,3,0DUHF0RVHX,32
WF7MIYRJ36,green,3,2VFO5MVCDC,319
GSBT89VQHG,red,5,TGO94NLMZK,206
VWH8OJXWTN,blue,1,S5HASWW7B8,787
WX8KMH5V9P,white,4,4JUUIVIA31,508
DTBW1C3297,yellow,3,F3263GHU9W,515
PAXPNRTN5O,white,2,SWBCEQ8WNQ,806
N0OQR1MC9Y,green,4,Q7R3RH00S4,355
GG4VI9XLYE,black,2,02ZJ2CYF0U,19
YDWZ2CKY0F,green,3,6EBWD0DC76,157
4JNYW9L7C1,blue,2,13IX9CQTGU,629
9UBS7ZL21W,white,1,IDYAQFZKXC,494
D5Z7GVY85J,red,3,94AYD5O4KR,271
XJDQIWSFX7,red,3,TN04XZI9ET,515
Y7WR06C6GH,green,1,6V5C8XSTQX,336
OEXB3JJEUG,yellow,5,RPKE0RLI7J,388
JS3CR6DGUL,white,1,4FOT6Y16TT,609
UGBSC6MGQC,yellow,2,ZEEQE33VRQ,888
X7LSYPMZDC,black,3,X165MQZGDG,284
NRZ1M9ALZF,red,5,ZF220GX084,503
IJU7L4Q3BY,red,1,QOJ2EIFVQQ,720
HY5XPXV2Q5,red,4,6K9HAHMVJ6,379
JIMGFYQN58,white,4,8X1KQNV0V7,53
OT1CC6E1WR,green,4,KPUU8FDQE6,284
783LEXZIAJ,black,3,UXJLGJBZNS,394
EVUMVCDEHO,blue,1,3UXA116AUC,733
FQXNRUV7SC,blue,5,K72IRH64RK,858
FI4FIUTRUF,white,4,3XIEI9RVG9,701
ECWVU94ZDX,white,3,XK8JEZWJXN,732
YBD6D95CLG,yellow,3,297U91FTQT,226
MEORCASZPJ,black,4,FIQAHOPZGS,472
KUS69DS0JZ,yellow,1,WIWQYV1G9P,733
1XKTVL7ALN,red,4,8V48QX5XDP,563
NCP2G6OBKR,blue,4,3SLCNTIKLI,62
TV0X3WITB4,yellow,4,LVZQKQUCXV,333
2CF6BR6X91,black,2,8ASAAF2TO8,404
ZZ99A0U149,black,3,DVGBM78GHP,498
OHY0T6RE36,red,1,C7SNLKPNNU,394
DJV1H7K3JI,white,1,RM2GY6XILO,155
7AKFKOOF6E,green,5,Q5D4QRBK4K,359
68EN5YF3NZ,green,5,ZP37MIKD92,907
341CYKB4TN,white,1,VOLSNEQDEY,901
FO3195NCFN,green,2,Q9ZMA79J5H,965
69NQBYKGAK,green,2,QF5NZ6LP71,791
O6KE7ATFYE,black,1,SH9QSP6TWM,539
0SWXCA5K6H,black,3,YZGA348A1S,323
Q6T4E5S5C8,black,4,1GAZIZS6J9,632
M87U7WM1JR,blue,1,HKICJ7MZMF,599
LCUHNW57J0,yellow,4,R3UZ6P9RQ3,954
Q2MD48UM0K,yellow,4,VTLR5SDMG5,143
ALCRFEGBCV,green,5,OV1GL4VIOG,564
7QDAUAFH0G,green,3,5TNHOHNH3U,228
C2SDUK709Z,red,5,HVYY1H9Z4M,333
W4XOO1DOG9,yellow,1,TB4MEELWDT,181
AZB58SKA4C,white,5,M78AUV9PF8,281
FX5TH0WZ61,white,3,V082OFLSZS,102
VJOMP23IFX,white,3,6VMI60Q1ID,682
6R8AOBKN5P,yellow,3,E52RTHOU44,683
PTY8AC81NX,yellow,1,MSKLEF865A,881
TO8YCCBYRT,red,2,WF9Q0FMHPI,376
8WIRSEJFOL,red,3,I53JMB3MQT,833
FI42BBNV13,yellow,3,JBL3XUIBXN,759
9VRNH39M52,white,4,GTTRR1Q1NE,46
FDGA5ECAFI,yellow,3,A7JAM7KVQJ,26
13L2FHQDFK,green,4,LXBOHIWZT3,222
8CWWUJI6WP,red,2,LYYJ2CPQ2F,928
JWAWLYVY62,white,1,ILV5KD8YZB,921
23CUQI2OXL,black,5,D9C1YY0617,152
BVAS59EC8R,red,5,OVF3TABBJR,574
60Y3C7CAX2,black,1,94OE3YG8LQ,710
ZKA7N8IFT0,green,1,S2GI0H8DS1,165
RK4Z9483Y3,green,3,DPL6SBCJ1Z,212
AGI7R33N89,blue,3,JAY3CT3SJD,866
N5JO193VV7,white,2,U82AK40XNL,708
A7UMA9BYS5,blue,5,GTMB7PBSMI,630
1MYWQW5B26,black,1,F9EAXRLQ1J,483
D7VBUKXN70,blue,5,PGSJFC1VZ8,836
EM1VZNO04C,white,5,K3V1INDSM9,126
DWSH0R9B0B,red,3,U09WLXBL68,334
5N2WML1RYK,yellow,4,KHM2FQ4I5P,84
CWP1LQNFTW,black,5,5BR17MX16R,816
73DX4BX5OI,red,5,Q5SKAR5MAO,781
3C88ZU1QLH,yellow,1,9AAXHOXFMN,577
EWEAQEJI0L,yellow,1,X76YUULSBL,870
YQSZWSZA9Q,red,1,ZH7XF0QOX7,784
6Y8GKFFM8O,red,3,FT78ZT56KP,559
E0DWQ0AMOY,blue,4,RWYYXAM1Z3,920
72H6JOHQQD,green,3,H7JC2C23FW,556
DGS3J3JGVH,black,5,N117LINFPS,978
T3JEDUCG9B,white,5,X8YC2P6Y4L,482
7VETY0XDCV,red,4,VB3DSSHWIK,114
X4N668LJMN,green,1,6LGN7EECK6,109
XBCHU5GF9I,white,5,752Z0GLDYY,797
TDVHEDUUOX,black,1,66SX80EY9A,596
II0YRQ3E5O,green,3,5L6A7TB1Q0,201
N83DRIBN7E,black,1,D968ZEWHSM,499
T0HMXNMABW,blue,4,ZM5ERWH8D0,541
JEH0QLH3O8,blue,4,E651Q462ZZ,758
E1GZR8BAYF,green,1,KPEQ166AL0,106
MARCEVHTE0,yellow,4,EXERZJHLJ2,804
D860QHE9LS,red,2,YECG5ESBMI,297
ZDTFM8M8C9,yellow,1,4WCIG6TP9O,592
IXR22WGXBI,blue,1,HCDBMGEG4M,283
7L7OAWD03S,white,1,XRU7KDZKTW,98
BPJF9SHN5I,green,3,RH1N6WA33J,104
76905GAFWJ,white,3,VXBIVUFJR8,277
1VYXO7ZXK2,blue,1,P40VWUDMHQ,64
B65VGZ7DZQ,red,3,I7N80X8OCC,244
TLIFRDW3EA,blue,3,A1QY0JZYD2,679
MVAEC3VH6F,white,1,7SVBUKER4T,346
QNMIX4DV54,yellow,5,74Q28ZIHMM,277
YKQHUL8PX1,white,3,IB86OYATT3,201
DCGUGBUPVY,green,4,XIYVJF6WDG,568
77MBVJO43X,red,2,NXB63GXH6G,9
JE99RZ473F,yellow,2,QFAMXS9P7T,791
DYRUTH4VHR,yellow,5,1YHPK0HH4J,567
2INF56Y7UD,green,4,VS01BP99FY,773
VQW2I5J09L,red,4,MONRWXOAHO,178
I0KVXTVRJT,green,4,QELZWDEVX2,539
V0EOPD8WSM,yellow,1,O1RMB25GI3,646
W2XPBN4VZ9,blue,1,GQWDQ5KVW6,730
AD5M0IABK1,green,5,VN65C7D9M3,740
4ANETDRFRQ,black,5,Q3LAMOY9S4,210
MQ8NEABEGQ,white,5,RCB617076D,758
ZZBKXPQNXS,red,1,7RX52X724S,792
R62AK7HH22,yellow,5,J4NLXOWGOR,223
JKS5AMM09E,yellow,5,90J1MOSGTP,94
KDGDQB7KYY,blue,1,4QIZ64LP3L,962
7TO6TIVPSR,yellow,3,XT4PSP884L,764
0CC6EMQPKO,red,1,6JRN6OKHEG,149
TB9ALF0V0T,black,4,IOFLDR1IZS,555
5KN303JYSD,blue,4,VPKC9YRDV6,520
N5SE5HMZNV,yellow,3,RGBMDHDVP1,822
WN21A8C0MR,blue,1,VE9X7KLK8R,780
KIG31U64PR,black,1,EMAEM4XMSO,981
PNVBP5D4QV,red,4,AUGNP1Y1AY,688
GPOR4FJC2F,black,4,V6OAUXPH1X,956
HPC2VR6NFC,black,5,QRPMZVKG0A,27
N19FY3MKNW,red,2,QN1QLDE4JZ,312
ZJQSA9W10P,white,3,XIQ5FHLKON,765
47MTDUFGR7,red,2,51WMOC70VF,377
8IDPYJFRCX,blue,5,SAN4AU2FH7,490
M73T6H0XAU,green,2,RM02H7N40B,815
31DF5SJB8H,black,3,48GS2VBFU1,205
3KWYBOEWNV,white,2,NRMOQDC300,750
II3M5EU5O5,red,4,LC5Z6BL9H1,624
A1R4HDU1DF,yellow,4,PI914ICHV8,347
F3YIAM62JB,black,4,G9UO1C79ZN,448
743YQQ3A8W,red,5,DRRFP61QRB,332
9CW9K9V467,blue,4,XWFLPVHJXN,403
8MS1RTCGTW,yellow,5,K2I7FD3E3R,886
B6UIOA9X5F,black,3,1Y8AW0P3I3,123
NE2UAZE9YI,green,1,WTE50MW2UI,127
8JA11DJ6VX,white,2,8NKA0KLQMS,951
X3Z2QIOMC5,black,4,IMLKGU2FM0,564
CAF8YG6UEO,red,5,TMILMW0UHH,627
4N5Q2O7HLK,black,4,W4K4LZJD3G,611
312J5WQ8O2,red,2,OTHXF2BXGA,750
LKIKLN0U0Q,green,2,Z9997UZ0WZ,724
2S4GH387II,green,2,CABFMRWZWJ,195
9ALYEWK1M0,white,3,K5Y6HWTC7A,755
KZY74N3SC1,black,4,KL4VIEMYLP,802
SSP6A36OAS,green,5,S1C29RP8NO,664
AGYL2545WV,blue,1,Y45I6MU6R6,657
E5BH9O8I0K,red,1,6KURHGQU0F,50
CZLI73HVXJ,yellow,3,Y3FWOQOBMS,925
IS8IE1UDBO,blue,1,NFJS2D6ZX0,889
CKR5SJOSVY,blue,4,6JWKDYRAOF,109
